Teacher,,,,,,,,,,,,,,
"Taylor, Jordan",,,,,,,,,,,,,,
"Morgan, Alex",,,,,,,,,,,,,,
"Hayden, Quinn",,,,,,,,,,,,,,
"Reese, Cameron",,,,,,,,,,,,,,
"Taylor, Jordan",,,,,,,,,,,,,,
"Morgan, Alex",,,,,,,,,,,,,,
"Casey, Riley",,,,,,,,,,,,,,
"Hayden, Quinn",,,,,,,,,,,,,,
"Reese, Cameron",,,,,,,,,,,,,,
"Morgan, Alex",,,,,,,,,,,,,,
"Casey, Riley",,,,,,,,,,,,,,
"Hayden, Quinn",,,,,,,,,,,,,,
"Reese, Cameron",,,,,,,,,,,,,,
"Taylor, Jordan",,,,,,,,,,,,,,
"Morgan, Alex",,,,,,,,,,,,,,
"Casey, Riley",,,,,,,,,,,,,,
"Hayden, Quinn",,,,,,,,,,,,,,
"Reese, Cameron",,,,,,,,,,,,,,
"Taylor, Jordan",,,,,,,,,,,,,,
"Morgan, Alex",,,,,,,,,,,,,,
"Casey, Riley",,,,,,,,,,,,,,
"Hayden, Quinn",,,,,,,,,,,,,,
"Reese, Cameron",,,,,,,,,,,,,,
"Taylor, Jordan",,,,,,,,,,,,,,
"Morgan, Alex",,,,,,,,,,,,,,
"Casey, Riley",,,,,,,,,,,,,,
"Hayden, Quinn",,,,,,,,,,,,,,
"Reese, Cameron",,,,,,,,,,,,,,
"Taylor, Jordan",,,,,,,,,,,,,,
"Morgan, Alex",,,,,,,,,,,,,,
"Casey, Riley",,,,,,,,,,,,,,
"Hayden, Quinn",,,,,,,,,,,,,,
"Reese, Cameron",,,,,,,,,,,,,,
"Taylor, Jordan",,,,,,,,,,,,,,
"Casey, Riley",,,,,,,,,,,,,,
"Hayden, Quinn",,,,,,,,,,,,,,
"Reese, Cameron",,,,,,,,,,,,,,
"Taylor, Jordan",,,,,,,,,,,,,,
"Morgan, Alex",,,,,,,,,,,,,,
"Casey, Riley",,,,,,,,,,,,,,
"Hayden, Quinn",,,,,,,,,,,,,,
"Reese, Cameron",,,,,,,,,,,,,,
"Taylor, Jordan",,,,,,,,,,,,,,
"Morgan, Alex",,,,,,,,,,,,,,
"Casey, Riley",,,,,,,,,,,,,,
"Hayden, Quinn",,,,,,,,,,,,,,
"Hayden, Quinn",,,,,,,,,,,,,,
"Reese, Cameron",,,,,,,,,,,,,,
"Taylor, Jordan",,,,,,,,,,,,,,
"Morgan, Alex",,,,,,,,,,,,,,
"Casey, Riley",,,,,,,,,,,,,,
"Hayden, Quinn",,,,,,,,,,,,,,
"Reese, Cameron",,,,,,,,,,,,,,
"Taylor, Jordan",,,,,,,,,,,,,,
"Morgan, Alex",,,,,,,,,,,,,,
"Casey, Riley",,,,,,,,,,,,,,
"Hayden, Quinn",,,,,,,,,,,,,,
"Reese, Cameron",,,,,,,,,,,,,,
